archetype,population_share,source,note
conservador_cristao,0.27,"Neto (2024), Brasil no Espelho, ch. 8, segment sizes (Quaest cluster model)","'formam o maior grupo, com 27% da população'"
classes_d_e,0.23,"Neto (2024), Brasil no Espelho, ch. 8","'Com 23% da população, o segundo maior grupo é a classe DE, ou Dependentes do Estado'"
agro,0.13,"Neto (2024), Brasil no Espelho, ch. 8","'O agro representa 13% da população'"
progressista,0.11,"Neto (2024), Brasil no Espelho, ch. 8","'São 11% dos brasileiros' in the overview; the dedicated section says 12%; the overview figure is used so the nine shares sum to 100"
militante_esquerda,0.07,"Neto (2024), Brasil no Espelho, ch. 8","'Representam 7%'"
empresario,0.06,"Neto (2024), Brasil no Espelho, ch. 8","'São 6% da população'"
liberal_social,0.05,"Neto (2024), Brasil no Espelho, ch. 8","'Os liberais sociais são 5%'"
empreendedor_individual,0.05,"Neto (2024), Brasil no Espelho, ch. 8","'São 5% dos brasileiros'"
extrema_direita,0.03,"Neto (2024), Brasil no Espelho, ch. 8","'eles são apenas 3% da população brasileira'"
