anchor,mean_zeta,se,party,refusal,low,high,label
agro,0.35082589285714283,0.08890689577793515,0.43333333333333335,0.3333333333333333,0.17656837713238996,0.5250834085818957,Agro
classes_d_e,-0.6980554156954156,0.028598033757039357,0.5166666666666667,0.375,-0.7541075618592128,-0.6420032695316185,Classes D/E
conservador_cristao,0.251416452991453,0.09628773560070453,0.33333333333333337,0.30833333333333335,0.06269249121407211,0.44014041476883387,Christian conservative
empreendedor_individual,0.1767466810966811,0.17680807948952892,0.44166666666666665,0.16666666666666666,-0.16979715470279558,0.5232905168961578,Solo entrepreneur
empresario,0.37670714285714285,0.12768658449713585,0.48333333333333334,0.225,0.12644143724275658,0.6269728484715291,Business owner
extrema_direita,0.38941206179441473,0.06182892335000498,0.5833333333333334,0.2833333333333333,0.26822737202840496,0.5105967515604245,Far right
liberal_social,-0.5475748114630468,0.043177692914078386,0.8083333333333333,0.175,-0.6322030895746404,-0.46294653335145314,Social liberal
militante_esquerda,-0.692525,0.0015249999999999988,0.8916666666666666,0.06666666666666667,-0.695514,-0.6895359999999999,Left activist
progressista,-0.6634272095959596,0.06437810232987703,0.5666666666666667,0.325,-0.7896082901625185,-0.5372461290294006,Progressive
