side,stance,name,n,answers,party,share
Left profiles,Described only,adriana martins de souza,3,2676,PT,0.0011210762331838565
Left profiles,Described only,adriana ventura,1,2676,NOVO,3.736920777279522e-4
Left profiles,Described only,alcides rodrigues,1,2676,PT,3.736920777279522e-4
Left profiles,Described only,alencar santana,198,2676,PT,0.07399103139013453
Left profiles,Described only,alencar santana braga,4,2676,PT,0.0014947683109118087
Left profiles,Described only,alex minduin,29,2676,PT,0.010837070254110613
Left profiles,Described only,alex sandro gomes,3,2676,PT,0.0011210762331838565
Left profiles,Described only,alexandre padilha,92,2676,PT,0.0343796711509716
Left profiles,Described only,alexis fonteyne,1,2676,NOVO,3.736920777279522e-4
Left profiles,Described only,alfredinho,107,2676,PT,0.03998505231689088
Left profiles,Described only,alfredo alves cavalcante,1,2676,PT,3.736920777279522e-4
Left profiles,Described only,ana do carmo,42,2676,PT,0.01569506726457399
Left profiles,Described only,ana perugini,85,2676,PT,0.03176382660687593
Left profiles,Described only,anibal munhoz,11,2676,PT,0.004110612855007474
Left profiles,Described only,anielle franco,1,2676,PT,3.736920777279522e-4
Left profiles,Described only,antonio carlos rodrigues,2,2676,PL,7.473841554559044e-4
Left profiles,Described only,arlindo chinaglia,152,2676,PT,0.05680119581464873
Left profiles,Described only,augusto cury,1,2676,,3.736920777279522e-4
Left profiles,Described only,aurea carolina,1,2676,PSOL,3.736920777279522e-4
Left profiles,Described only,aureo bacelar,7,2676,PT,0.002615844544095665
Left profiles,Described only,benedita da silva,2,2676,PT,7.473841554559044e-4
Left profiles,Described only,bosco,1,2676,,3.736920777279522e-4
Left profiles,Described only,cada candidato,1,2676,,3.736920777279522e-4
Left profiles,Described only,candidato,1,2676,,3.736920777279522e-4
Left profiles,Described only,candidato x,6,2676,,0.002242152466367713
Left profiles,Described only,carla zambelli,2,2676,PL,7.473841554559044e-4
Left profiles,Described only,carlos sampaio,4,2676,PSD,0.0014947683109118087
Left profiles,Described only,carlos zaratini,1,2676,PT,3.736920777279522e-4
Left profiles,Described only,carlos zarattini,169,2676,PT,0.06315396113602392
Left profiles,Described only,cheila olalla,4,2676,PT,0.0014947683109118087
Left profiles,Described only,chico do settaport,1,2676,PT,3.736920777279522e-4
Left profiles,Described only,cicera maria,5,2676,PT,0.0018684603886397607
Left profiles,Described only,claudete alves,2,2676,PT,7.473841554559044e-4
Left profiles,Described only,daniel munduruku,1,2676,,3.736920777279522e-4
Left profiles,Described only,diego oliveira da silva,1,2676,PT,3.736920777279522e-4
Left profiles,Described only,diego oliveira turato,1,2676,PT,3.736920777279522e-4
Left profiles,Described only,diego turato,2,2676,PT,7.473841554559044e-4
Left profiles,Described only,dilma,1,2676,,3.736920777279522e-4
Left profiles,Described only,douglas belchior,63,2676,PT,0.023542600896860985
Left profiles,Described only,douglas izzo,1,2676,PT,3.736920777279522e-4
Left profiles,Described only,douglas martins izzo,2,2676,PT,7.473841554559044e-4
Left profiles,Described only,duarte nogueira,2,2676,PSD,7.473841554559044e-4
Left profiles,Described only,edinho silva,6,2676,PT,0.002242152466367713
Left profiles,Described only,edna della nina,4,2676,PT,0.0014947683109118087
Left profiles,Described only,edson da paz,5,2676,PT,0.0018684603886397607
Left profiles,Described only,eduardo sallum,1,2676,PT,3.736920777279522e-4
Left profiles,Described only,elaine terron,3,2676,PT,0.0011210762331838565
Left profiles,Described only,emerson de abreu santana,2,2676,PT,7.473841554559044e-4
Left profiles,Described only,erika hilton,39,2676,PSOL,0.014573991031390135
Left profiles,Described only,erika kokay,2,2676,,7.473841554559044e-4
Left profiles,Described only,fernando haddad,3,2676,PT,0.0011210762331838565
Left profiles,Described only,finazzi,1,2676,MDB,3.736920777279522e-4
Left profiles,Described only,gabriel dos animais,2,2676,PSOL,7.473841554559044e-4
Left profiles,Described only,geraldo alckmin,1,2676,PSB,3.736920777279522e-4
Left profiles,Described only,glauber braga,1,2676,PSOL,3.736920777279522e-4
Left profiles,Described only,gregory franca,2,2676,PT,7.473841554559044e-4
Left profiles,Described only,guida calixto,8,2676,PT,0.0029895366218236174
Left profiles,Described only,guilherme boulos,4,2676,PSOL,0.0014947683109118087
Left profiles,Described only,guilherme cortez,1,2676,PSOL,3.736920777279522e-4
Left profiles,Described only,iara bernardi,2,2676,PT,7.473841554559044e-4
Left profiles,Described only,jandira feghali,1,2676,PCDOB,3.736920777279522e-4
Left profiles,Described only,jean wyllys,15,2676,PT,0.005605381165919282
Left profiles,Described only,jilmar tatto,68,2676,PT,0.025411061285500747
Left profiles,Described only,joao paulo cunha,11,2676,PT,0.004110612855007474
Left profiles,Described only,joice hasselmann,1,2676,PSD,3.736920777279522e-4
Left profiles,Described only,jose dirceu,8,2676,PT,0.0029895366218236174
Left profiles,Described only,julia martin,1,2676,PT,3.736920777279522e-4
Left profiles,Described only,juliana cardoso,151,2676,PT,0.05642750373692078
Left profiles,Described only,juliano medeiros,1,2676,PSOL,3.736920777279522e-4
Left profiles,Described only,kerllyn oliveira,1,2676,,3.736920777279522e-4
Left profiles,Described only,kiko celeguim,18,2676,PT,0.006726457399103139
Left profiles,Described only,kim kataguiri,4,2676,MISSAO,0.0014947683109118087
Left profiles,Described only,lindbergh farias,1,2676,PT,3.736920777279522e-4
Left profiles,Described only,lucas pavanato,1,2676,PL,3.736920777279522e-4
Left profiles,Described only,luciene cavalcante,2,2676,PSOL,7.473841554559044e-4
Left profiles,Described only,luiz fernando machado,1,2676,PL,3.736920777279522e-4
Left profiles,Described only,luiz fernando teixeira,1,2676,PT,3.736920777279522e-4
Left profiles,Described only,luiz inacio lula da silva,21,2676,PT,0.007847533632286996
Left profiles,Described only,luiz marinho,4,2676,PT,0.0014947683109118087
Left profiles,Described only,luiz paulo teixeira,6,2676,PT,0.002242152466367713
Left profiles,Described only,luiz paulo teixeira ferreira,2,2676,PT,7.473841554559044e-4
Left profiles,Described only,luiza erundina,6,2676,PSOL,0.002242152466367713
Left profiles,Described only,luna zarattini,15,2676,PT,0.005605381165919282
Left profiles,Described only,marcia lia,5,2676,PT,0.0018684603886397607
Left profiles,Described only,marcio franca,2,2676,PSB,7.473841554559044e-4
Left profiles,Described only,marco aurelio,1,2676,NOVO,3.736920777279522e-4
Left profiles,Described only,maria do rosario,4,2676,PT,0.0014947683109118087
Left profiles,Described only,mariana janeiro,53,2676,PT,0.019805680119581465
Left profiles,Described only,marina helena,4,2676,NOVO,0.0014947683109118087
Left profiles,Described only,marina silva,2,2676,REDE,7.473841554559044e-4
Left profiles,Described only,marinalva brito,1,2676,PT,3.736920777279522e-4
Left profiles,Described only,mauro caputti mattosinho,1,2676,PSB,3.736920777279522e-4
Left profiles,Described only,moises selerges,8,2676,PT,0.0029895366218236174
Left profiles,Described only,moises selerges junior,2,2676,PT,7.473841554559044e-4
Left profiles,Described only,monica sodre,1,2676,REDE,3.736920777279522e-4
Left profiles,Described only,nabil bonduki,16,2676,PT,0.005979073243647235
Left profiles,Described only,natalia boulos,1,2676,PSOL,3.736920777279522e-4
Left profiles,Described only,nilto tatto,33,2676,PT,0.01233183856502242
Left profiles,Described only,o candidato,1,2676,,3.736920777279522e-4
Left profiles,Described only,orlando silva,3,2676,PCDOB,0.0011210762331838565
Left profiles,Described only,os candidatos a deputado federal por sao paulo em 2026,1,2676,,3.736920777279522e-4
Left profiles,Described only,outros,1,2676,PT,3.736920777279522e-4
Left profiles,Described only,paolla miguel,73,2676,PT,0.02727952167414051
Left profiles,Described only,paula leite,4,2676,PT,0.0014947683109118087
Left profiles,Described only,paulao cayres,2,2676,PT,7.473841554559044e-4
Left profiles,Described only,paulao do meio ambiente,1,2676,AGIR,3.736920777279522e-4
Left profiles,Described only,paulo batista dos reis,1,2676,PT,3.736920777279522e-4
Left profiles,Described only,paulo proieti,1,2676,NOVO,3.736920777279522e-4
Left profiles,Described only,paulo teixeira,42,2676,PT,0.01569506726457399
Left profiles,Described only,pedro tourinho,11,2676,PT,0.004110612855007474
Left profiles,Described only,professor douglas izzo,1,2676,PT,3.736920777279522e-4
Left profiles,Described only,professora mariana,1,2676,PT,3.736920777279522e-4
Left profiles,Described only,raquel auxiliadora dos santos,1,2676,PT,3.736920777279522e-4
Left profiles,Described only,raul marcelo,1,2676,,3.736920777279522e-4
Left profiles,Described only,renan santos,3,2676,,0.0011210762331838565
Left profiles,Described only,ricardo paes de barros,8,2676,,0.0029895366218236174
Left profiles,Described only,romeu zema,1,2676,NOVO,3.736920777279522e-4
Left profiles,Described only,rosangela santos,1,2676,PT,3.736920777279522e-4
Left profiles,Described only,rosaura almeida,4,2676,PT,0.0014947683109118087
Left profiles,Described only,rose forato,9,2676,PT,0.0033632286995515697
Left profiles,Described only,rose gouveia,1,2676,PT,3.736920777279522e-4
Left profiles,Described only,rui falcao,61,2676,PT,0.022795216741405083
Left profiles,Described only,ruth lopes,10,2676,PT,0.0037369207772795215
Left profiles,Described only,samia bomfim,20,2676,PSOL,0.007473841554559043
Left profiles,Described only,serra neto,1,2676,NOVO,3.736920777279522e-4
Left profiles,Described only,setima maria vieira de araujo,1,2676,PT,3.736920777279522e-4
Left profiles,Described only,sonia guajajara,7,2676,PSOL,0.002615844544095665
Left profiles,Described only,sonia maria almeida pires,2,2676,PT,7.473841554559044e-4
Left profiles,Described only,stela dalecio,2,2676,PT,7.473841554559044e-4
Left profiles,Described only,symmy larrat,1,2676,PT,3.736920777279522e-4
Left profiles,Described only,tabata amaral,13,2676,PSB,0.004857997010463378
Left profiles,Described only,taliria petrone,2,2676,PSOL,7.473841554559044e-4
Left profiles,Described only,tamires sampaio,4,2676,PT,0.0014947683109118087
Left profiles,Described only,telma de souza,76,2676,PT,0.028400597907324365
Left profiles,Described only,teonilio barba,1,2676,PT,3.736920777279522e-4
Left profiles,Described only,thiago avila,3,2676,REDE,0.0011210762331838565
Left profiles,Described only,thiago dos reis,4,2676,PT,0.0014947683109118087
Left profiles,Described only,thiago dos reis pereira dos santos,1,2676,PT,3.736920777279522e-4
Left profiles,Described only,vava da zona leste,1,2676,REPUBLICANOS,3.736920777279522e-4
Left profiles,Described only,vicentinho,26,2676,PT,0.009715994020926755
Left profiles,Described only,vinicius poit,1,2676,NOVO,3.736920777279522e-4
Left profiles,Described only,william,4,2676,PT,0.0014947683109118087
Left profiles,Described only,william vieira,1,2676,,3.736920777279522e-4
Left profiles,Described only,ze dirceu,16,2676,PT,0.005979073243647235
Left profiles,Recommended,alencar santana,7,2676,PT,0.002615844544095665
Left profiles,Recommended,alencar santana braga,1,2676,PT,3.736920777279522e-4
Left profiles,Recommended,alex minduin,1,2676,PT,3.736920777279522e-4
Left profiles,Recommended,alexis fonteyne,2,2676,NOVO,7.473841554559044e-4
Left profiles,Recommended,alfredinho,1,2676,PT,3.736920777279522e-4
Left profiles,Recommended,ana elisa,1,2676,,3.736920777279522e-4
Left profiles,Recommended,arlindo chinaglia,2,2676,PT,7.473841554559044e-4
Left profiles,Recommended,baleia rossi,1,2676,MDB,3.736920777279522e-4
Left profiles,Recommended,benedita da silva,1,2676,PT,3.736920777279522e-4
Left profiles,Recommended,bruno ganem,1,2676,PODEMOS,3.736920777279522e-4
Left profiles,Recommended,carlos sampaio,1,2676,PSD,3.736920777279522e-4
Left profiles,Recommended,carlos zarattini,7,2676,PT,0.002615844544095665
Left profiles,Recommended,celso russomanno,1,2676,REPUBLICANOS,3.736920777279522e-4
Left profiles,Recommended,cris navarro,1,2676,MISSAO,3.736920777279522e-4
Left profiles,Recommended,dandara tonantzin,1,2676,,3.736920777279522e-4
Left profiles,Recommended,drª regiane souza neves,1,2676,,3.736920777279522e-4
Left profiles,Recommended,duarte nogueira,4,2676,PSD,0.0014947683109118087
Left profiles,Recommended,eduardo suplicy,1,2676,PT,3.736920777279522e-4
Left profiles,Recommended,erika hilton,23,2676,PSOL,0.0085949177877429
Left profiles,Recommended,erika kokay,1,2676,,3.736920777279522e-4
Left profiles,Recommended,guilherme cortez,2,2676,PSOL,7.473841554559044e-4
Left profiles,Recommended,jean wyllys,9,2676,PT,0.0033632286995515697
Left profiles,Recommended,jilmar tatto,10,2676,PT,0.0037369207772795215
Left profiles,Recommended,jose dirceu,2,2676,PT,7.473841554559044e-4
Left profiles,Recommended,juliana cardoso,11,2676,PT,0.004110612855007474
Left profiles,Recommended,kim kataguiri,5,2676,MISSAO,0.0018684603886397607
Left profiles,Recommended,lair moura,3,2676,PL,0.0011210762331838565
Left profiles,Recommended,luana alves,1,2676,PSOL,3.736920777279522e-4
Left profiles,Recommended,lucas penteado,2,2676,PT,7.473841554559044e-4
Left profiles,Recommended,luciana gatti,10,2676,PSOL,0.0037369207772795215
Left profiles,Recommended,luciene cavalcante,1,2676,PSOL,3.736920777279522e-4
Left profiles,Recommended,luiz fernando machado,1,2676,PL,3.736920777279522e-4
Left profiles,Recommended,luiza erundina,2,2676,PSOL,7.473841554559044e-4
Left profiles,Recommended,luna zarattini,1,2676,PT,3.736920777279522e-4
Left profiles,Recommended,mariana negri,1,2676,PT,3.736920777279522e-4
Left profiles,Recommended,marina helena,6,2676,NOVO,0.002242152466367713
Left profiles,Recommended,moises selerges,2,2676,PT,7.473841554559044e-4
Left profiles,Recommended,nabil bonduki,3,2676,PT,0.0011210762331838565
Left profiles,Recommended,neon cunha,1,2676,PSOL,3.736920777279522e-4
Left profiles,Recommended,paulo teixeira,14,2676,PT,0.00523168908819133
Left profiles,Recommended,pedro tourinho,2,2676,PT,7.473841554559044e-4
Left profiles,Recommended,professora luciene cavalcante,1,2676,PSOL,3.736920777279522e-4
Left profiles,Recommended,ricardo galvao,2,2676,PSB,7.473841554559044e-4
Left profiles,Recommended,rui falcao,1,2676,PT,3.736920777279522e-4
Left profiles,Recommended,samia bomfim,13,2676,PSOL,0.004857997010463378
Left profiles,Recommended,serra neto,2,2676,NOVO,7.473841554559044e-4
Left profiles,Recommended,sonia guajajara,5,2676,PSOL,0.0018684603886397607
Left profiles,Recommended,tabata amaral,3,2676,PSB,0.0011210762331838565
Left profiles,Recommended,vicente paulo da silva,1,2676,PT,3.736920777279522e-4
Left profiles,Recommended,vicentinho,4,2676,PT,0.0014947683109118087
Left profiles,Recommended,wilson cabral de sousa junior,2,2676,PDT,7.473841554559044e-4
Centre profiles,Described only,adriana ventura,64,1762,NOVO,0.036322360953461974
Centre profiles,Described only,aecio neves,2,1762,PSDB,0.0011350737797956867
Centre profiles,Described only,alex manente,18,1762,CIDADANIA,0.01021566401816118
Centre profiles,Described only,alexandre baldy,1,1762,PP,5.675368898978433e-4
Centre profiles,Described only,alexis fonteyne,36,1762,NOVO,0.02043132803632236
Centre profiles,Described only,aline teixeira,1,1762,UNIAO,5.675368898978433e-4
Centre profiles,Described only,amanda oliveira,1,1762,NOVO,5.675368898978433e-4
Centre profiles,Described only,ana carolina oliveira,2,1762,PODEMOS,0.0011350737797956867
Centre profiles,Described only,andre do prado,1,1762,PL,5.675368898978433e-4
Centre profiles,Described only,anna do agro,1,1762,NOVO,5.675368898978433e-4
Centre profiles,Described only,arnaldo jardim,2,1762,CIDADANIA,0.0011350737797956867
Centre profiles,Described only,baleia rossi,4,1762,MDB,0.0022701475595913734
Centre profiles,Described only,barbara kogos,5,1762,NOVO,0.0028376844494892167
Centre profiles,Described only,barjas negri,1,1762,,5.675368898978433e-4
Centre profiles,Described only,bolsonaro,74,1762,PL,0.04199772985244041
Centre profiles,Described only,bolsonaro/tarcisio,1,1762,,5.675368898978433e-4
Centre profiles,Described only,bruno ganem,2,1762,PODEMOS,0.0011350737797956867
Centre profiles,Described only,caio cunha,7,1762,PODEMOS,0.003972758229284903
Centre profiles,Described only,candidato x,2,1762,,0.0011350737797956867
Centre profiles,Described only,carla zambelli,1,1762,PL,5.675368898978433e-4
Centre profiles,Described only,carlos bezerra jr.,3,1762,PSD,0.00170261066969353
Centre profiles,Described only,carlos sampaio,9,1762,PSD,0.00510783200908059
Centre profiles,Described only,christian lohbauer,7,1762,NOVO,0.003972758229284903
Centre profiles,Described only,cris monteiro,2,1762,NOVO,0.0011350737797956867
Centre profiles,Described only,daniel melo,3,1762,NOVO,0.00170261066969353
Centre profiles,Described only,datena,9,1762,PSB,0.00510783200908059
Centre profiles,Described only,delegado bruno lima,1,1762,PODEMOS,5.675368898978433e-4
Centre profiles,Described only,delegado paulo bilynskyj,1,1762,PL,5.675368898978433e-4
Centre profiles,Described only,douglas melo,1,1762,NOVO,5.675368898978433e-4
Centre profiles,Described only,dr. raul,1,1762,CIDADANIA,5.675368898978433e-4
Centre profiles,Described only,duarte nogueira,1,1762,PSD,5.675368898978433e-4
Centre profiles,Described only,eduardo bolsonaro,1,1762,PL,5.675368898978433e-4
Centre profiles,Described only,eduardo borgo,1,1762,NOVO,5.675368898978433e-4
Centre profiles,Described only,enrico misasi,10,1762,MDB,0.0056753688989784334
Centre profiles,Described only,eric izar,1,1762,MISSAO,5.675368898978433e-4
Centre profiles,Described only,"eric izar ""kekao""",1,1762,MISSAO,5.675368898978433e-4
Centre profiles,Described only,"eric izar, o ""kekao""",1,1762,MISSAO,5.675368898978433e-4
Centre profiles,Described only,fabio pagnozzi,1,1762,NOVO,5.675368898978433e-4
Centre profiles,Described only,fausto pinato,1,1762,PP,5.675368898978433e-4
Centre profiles,Described only,felipe becari,1,1762,PODEMOS,5.675368898978433e-4
Centre profiles,Described only,fernando haddad,1,1762,PT,5.675368898978433e-4
Centre profiles,Described only,flavio bolsonaro,1,1762,,5.675368898978433e-4
Centre profiles,Described only,guto zacarias,3,1762,MISSAO,0.00170261066969353
Centre profiles,Described only,izana oliveira,2,1762,NOVO,0.0011350737797956867
Centre profiles,Described only,joelma franco,1,1762,NOVO,5.675368898978433e-4
Centre profiles,Described only,joice hasselmann,1,1762,PSD,5.675368898978433e-4
Centre profiles,Described only,kim kataguiri,60,1762,MISSAO,0.0340522133938706
Centre profiles,Described only,lucas pavanato,2,1762,PL,0.0011350737797956867
Centre profiles,Described only,luiz gastao,1,1762,PSD,5.675368898978433e-4
Centre profiles,Described only,luiz inacio lula da silva,85,1762,PT,0.048240635641316684
Centre profiles,Described only,luiz philippe de orleans e braganca,4,1762,PL,0.0022701475595913734
Centre profiles,Described only,lula-bolsonaro,3,1762,,0.00170261066969353
Centre profiles,Described only,mara gabrilli,1,1762,PSD,5.675368898978433e-4
Centre profiles,Described only,marco aurelio,7,1762,NOVO,0.003972758229284903
Centre profiles,Described only,marco aurelio martins,1,1762,NOVO,5.675368898978433e-4
Centre profiles,Described only,marcos cintra,4,1762,NOVO,0.0022701475595913734
Centre profiles,Described only,marcos pereira,1,1762,REPUBLICANOS,5.675368898978433e-4
Centre profiles,Described only,marina helena,50,1762,NOVO,0.028376844494892167
Centre profiles,Described only,"marina helena, pre-candidata a deputada federal por sao paulo pelo novo, tem defendido reducao de impostos, desburocratizacao, empreendedorismo, responsabilidade fiscal e ampliacao de parcerias publico-privadas.",1,1762,NOVO,5.675368898978433e-4
Centre profiles,Described only,matheus coelho,1,1762,,5.675368898978433e-4
Centre profiles,Described only,nabil bonduki,1,1762,PT,5.675368898978433e-4
Centre profiles,Described only,pablo marcal,1,1762,,5.675368898978433e-4
Centre profiles,Described only,padre kelmon,2,1762,PL,0.0011350737797956867
Centre profiles,Described only,paulo alexandre barbosa,16,1762,PSD,0.009080590238365494
Centre profiles,Described only,paulo camara,1,1762,PSDB,5.675368898978433e-4
Centre profiles,Described only,paulo freire costa,1,1762,PL,5.675368898978433e-4
Centre profiles,Described only,paulo proieti,2,1762,NOVO,0.0011350737797956867
Centre profiles,Described only,paulo serra,3,1762,PSDB,0.00170261066969353
Centre profiles,Described only,professor marco antonio villa,4,1762,MDB,0.0022701475595913734
Centre profiles,Described only,raul christiano,1,1762,PSDB,5.675368898978433e-4
Centre profiles,Described only,renan santos,1,1762,,5.675368898978433e-4
Centre profiles,Described only,renata abreu,1,1762,PODEMOS,5.675368898978433e-4
Centre profiles,Described only,ricardo mellao,1,1762,,5.675368898978433e-4
Centre profiles,Described only,ricardo salles,8,1762,NOVO,0.004540295119182747
Centre profiles,Described only,romeu zema,2,1762,NOVO,0.0011350737797956867
Centre profiles,Described only,ronaldo caiado,1,1762,,5.675368898978433e-4
Centre profiles,Described only,rosana valle,1,1762,PL,5.675368898978433e-4
Centre profiles,Described only,rubinho nunes,1,1762,UNIAO,5.675368898978433e-4
Centre profiles,Described only,sergio victor,1,1762,NOVO,5.675368898978433e-4
Centre profiles,Described only,serra neto,3,1762,NOVO,0.00170261066969353
Centre profiles,Described only,simone tebet,52,1762,MDB,0.029511918274687854
Centre profiles,Described only,soninha francine,6,1762,CIDADANIA,0.00340522133938706
Centre profiles,Described only,tabata amaral,20,1762,PSB,0.011350737797956867
Centre profiles,Described only,tarcisio de freitas,18,1762,REPUBLICANOS,0.01021566401816118
Centre profiles,Described only,tatiana lima,1,1762,NOVO,5.675368898978433e-4
Centre profiles,Described only,tenente pedro miranda,1,1762,NOVO,5.675368898978433e-4
Centre profiles,Described only,vinicius poit,1,1762,NOVO,5.675368898978433e-4
Centre profiles,Described only,vitor lippi,1,1762,PSD,5.675368898978433e-4
Centre profiles,Described only,walter ihoshi,1,1762,,5.675368898978433e-4
Centre profiles,Recommended,adriana ventura,24,1762,NOVO,0.01362088535754824
Centre profiles,Recommended,alex manente,4,1762,CIDADANIA,0.0022701475595913734
Centre profiles,Recommended,alexis fonteyne,28,1762,NOVO,0.015891032917139614
Centre profiles,Recommended,baleia rossi,5,1762,MDB,0.0028376844494892167
Centre profiles,Recommended,bia kicis,1,1762,PL,5.675368898978433e-4
Centre profiles,Recommended,capitao augusto,1,1762,PL,5.675368898978433e-4
Centre profiles,Recommended,carla zambelli,2,1762,PL,0.0011350737797956867
Centre profiles,Recommended,carlos sampaio,8,1762,PSD,0.004540295119182747
Centre profiles,Recommended,cassio navarro,1,1762,PSD,5.675368898978433e-4
Centre profiles,Recommended,christian lohbauer,3,1762,NOVO,0.00170261066969353
Centre profiles,Recommended,cris monteiro,2,1762,NOVO,0.0011350737797956867
Centre profiles,Recommended,delegado da cunha,1,1762,UNIAO,5.675368898978433e-4
Centre profiles,Recommended,dr. raul,2,1762,CIDADANIA,0.0011350737797956867
Centre profiles,Recommended,duarte nogueira,3,1762,PSD,0.00170261066969353
Centre profiles,Recommended,eduardo bolsonaro,1,1762,PL,5.675368898978433e-4
Centre profiles,Recommended,eric izar,9,1762,MISSAO,0.00510783200908059
Centre profiles,Recommended,"eric izar, o ""kekao""",1,1762,MISSAO,5.675368898978433e-4
Centre profiles,Recommended,fernando holiday,1,1762,NOVO,5.675368898978433e-4
Centre profiles,Recommended,finazzi,1,1762,MDB,5.675368898978433e-4
Centre profiles,Recommended,guto zacarias,1,1762,MISSAO,5.675368898978433e-4
Centre profiles,Recommended,joice hasselmann,1,1762,PSD,5.675368898978433e-4
Centre profiles,Recommended,jose dirceu,1,1762,PT,5.675368898978433e-4
Centre profiles,Recommended,josiane oliveira,1,1762,UNIAO,5.675368898978433e-4
Centre profiles,Recommended,kim kataguiri,23,1762,MISSAO,0.013053348467650397
Centre profiles,Recommended,luiz philippe de orleans e braganca,4,1762,PL,0.0022701475595913734
Centre profiles,Recommended,major palumbo,1,1762,PP,5.675368898978433e-4
Centre profiles,Recommended,marcel van hattem,1,1762,NOVO,5.675368898978433e-4
Centre profiles,Recommended,marco aurelio,2,1762,NOVO,0.0011350737797956867
Centre profiles,Recommended,marco aurelio martins,1,1762,NOVO,5.675368898978433e-4
Centre profiles,Recommended,marco vinholi,2,1762,REPUBLICANOS,0.0011350737797956867
Centre profiles,Recommended,marcos pereira,1,1762,REPUBLICANOS,5.675368898978433e-4
Centre profiles,Recommended,marina helena,62,1762,NOVO,0.03518728717366629
Centre profiles,Recommended,mauro caputti mattosinho,1,1762,PSB,5.675368898978433e-4
Centre profiles,Recommended,paixao,1,1762,NOVO,5.675368898978433e-4
Centre profiles,Recommended,paulo alexandre barbosa,1,1762,PSD,5.675368898978433e-4
Centre profiles,Recommended,paulo proieti,12,1762,NOVO,0.00681044267877412
Centre profiles,Recommended,paulo serra,3,1762,PSDB,0.00170261066969353
Centre profiles,Recommended,professor christian,2,1762,NOVO,0.0011350737797956867
Centre profiles,Recommended,rachel sheherazade,1,1762,PSD,5.675368898978433e-4
Centre profiles,Recommended,raul christiano,1,1762,PSDB,5.675368898978433e-4
Centre profiles,Recommended,ricardo salles,1,1762,NOVO,5.675368898978433e-4
Centre profiles,Recommended,serra neto,7,1762,NOVO,0.003972758229284903
Centre profiles,Recommended,sidney elias,2,1762,NOVO,0.0011350737797956867
Centre profiles,Recommended,sostenes cavalcante,1,1762,PL,5.675368898978433e-4
Centre profiles,Recommended,tabata amaral,2,1762,PSB,0.0011350737797956867
Right profiles,Described only,abou anni,1,2766,PODEMOS,3.6153289949385393e-4
Right profiles,Described only,adilson barroso,11,2766,PL,0.0039768618944323935
Right profiles,Described only,adilson barroso bolsonarista,12,2766,PL,0.004338394793926247
Right profiles,Described only,adriana ventura,61,2766,NOVO,0.022053506869125092
Right profiles,Described only,adrilles jorge,5,2766,UNIAO,0.0018076644974692696
Right profiles,Described only,alberto fraga,1,2766,PL,3.6153289949385393e-4
Right profiles,Described only,albino,3,2766,NOVO,0.0010845986984815619
Right profiles,Described only,aldo rebelo,2,2766,DC,7.230657989877079e-4
Right profiles,Described only,ale duarte,1,2766,PL,3.6153289949385393e-4
Right profiles,Described only,alex manente,1,2766,CIDADANIA,3.6153289949385393e-4
Right profiles,Described only,alexandre leite,1,2766,UNIAO,3.6153289949385393e-4
Right profiles,Described only,alexis fonteyne,43,2766,NOVO,0.01554591467823572
Right profiles,Described only,amanda oliveira,1,2766,NOVO,3.6153289949385393e-4
Right profiles,Described only,andre do prado,8,2766,PL,0.0028922631959508315
Right profiles,Described only,andre rossi,1,2766,REPUBLICANOS,3.6153289949385393e-4
Right profiles,Described only,anna do agro,13,2766,NOVO,0.004699927693420101
Right profiles,Described only,antonio carlos rodrigues,1,2766,PL,3.6153289949385393e-4
Right profiles,Described only,arnaldo jardim,2,2766,CIDADANIA,7.230657989877079e-4
Right profiles,Described only,baleia rossi,1,2766,MDB,3.6153289949385393e-4
Right profiles,Described only,barbara kogos,1,2766,NOVO,3.6153289949385393e-4
Right profiles,Described only,beto rosado,1,2766,PL,3.6153289949385393e-4
Right profiles,Described only,bolsonaro,175,2766,PL,0.06326825741142444
Right profiles,Described only,bolsonaro/bolsonarismo,2,2766,,7.230657989877079e-4
Right profiles,Described only,candidato x,1,2766,,3.6153289949385393e-4
Right profiles,Described only,candidatos a deputado federal por sao paulo,1,2766,,3.6153289949385393e-4
Right profiles,Described only,candidatos especificos,1,2766,,3.6153289949385393e-4
Right profiles,Described only,capitao augusto,34,2766,PL,0.012292118582791034
Right profiles,Described only,carla zambelli,12,2766,PL,0.004338394793926247
Right profiles,Described only,carlo cauti,6,2766,NOVO,0.0021691973969631237
Right profiles,Described only,carlos sampaio,2,2766,PSD,7.230657989877079e-4
Right profiles,Described only,caroline de toni,1,2766,,3.6153289949385393e-4
Right profiles,Described only,cavuto,4,2766,NOVO,0.0014461315979754157
Right profiles,Described only,celso russomanno,1,2766,REPUBLICANOS,3.6153289949385393e-4
Right profiles,Described only,cezinha de madureira,12,2766,PL,0.004338394793926247
Right profiles,Described only,chris tonietto,1,2766,PL,3.6153289949385393e-4
Right profiles,Described only,christian lohbauer,26,2766,NOVO,0.009399855386840203
Right profiles,Described only,coronel costa e silva,3,2766,PL,0.0010845986984815619
Right profiles,Described only,coronel tadeu,7,2766,PL,0.0025307302964569776
Right profiles,Described only,coronel telhada,7,2766,PP,0.0025307302964569776
Right profiles,Described only,cris monteiro,2,2766,NOVO,7.230657989877079e-4
Right profiles,Described only,daniel melo,6,2766,NOVO,0.0021691973969631237
Right profiles,Described only,davi sacer,1,2766,PP,3.6153289949385393e-4
Right profiles,Described only,delegado bruno lima,6,2766,PODEMOS,0.0021691973969631237
Right profiles,Described only,delegado da cunha,1,2766,UNIAO,3.6153289949385393e-4
Right profiles,Described only,delegado palumbo,14,2766,PODEMOS,0.005061460592913955
Right profiles,Described only,delegado paulo bilynskyj,75,2766,PL,0.027114967462039046
Right profiles,Described only,douglas garcia,1,2766,MISSAO,3.6153289949385393e-4
Right profiles,Described only,dr. marcelo cruz,1,2766,PL,3.6153289949385393e-4
Right profiles,Described only,dra. nise yamaguchi,1,2766,PL,3.6153289949385393e-4
Right profiles,Described only,duarte nogueira,5,2766,PSD,0.0018076644974692696
Right profiles,Described only,eduardo bolsonaro,20,2766,PL,0.0072306579898770785
Right profiles,Described only,eduardo borgo,4,2766,NOVO,0.0014461315979754157
Right profiles,Described only,eduardo cury,1,2766,PL,3.6153289949385393e-4
Right profiles,Described only,fabio pagnozzi,1,2766,NOVO,3.6153289949385393e-4
Right profiles,Described only,farofa,1,2766,,3.6153289949385393e-4
Right profiles,Described only,fausto pinato,4,2766,PP,0.0014461315979754157
Right profiles,Described only,fernando haddad,1,2766,PT,3.6153289949385393e-4
Right profiles,Described only,flavio bolsonaro,9,2766,,0.0032537960954446853
Right profiles,Described only,frank aguiar,1,2766,PSD,3.6153289949385393e-4
Right profiles,Described only,frederico d'avila,1,2766,NOVO,3.6153289949385393e-4
Right profiles,Described only,gameiro,6,2766,NOVO,0.0021691973969631237
Right profiles,Described only,gil diniz,3,2766,PL,0.0010845986984815619
Right profiles,Described only,gilberto nascimento,1,2766,PODEMOS,3.6153289949385393e-4
Right profiles,Described only,glaustine lacerda,1,2766,PL,3.6153289949385393e-4
Right profiles,Described only,governo bolsonaro,10,2766,,0.0036153289949385392
Right profiles,Described only,greyce elias,1,2766,,3.6153289949385393e-4
Right profiles,Described only,guiga peixoto,1,2766,PL,3.6153289949385393e-4
Right profiles,Described only,guilherme derrite,40,2766,PP,0.014461315979754157
Right profiles,Described only,guto ferrari,6,2766,NOVO,0.0021691973969631237
Right profiles,Described only,guto zacarias,6,2766,MISSAO,0.0021691973969631237
Right profiles,Described only,henrique krigner,6,2766,NOVO,0.0021691973969631237
Right profiles,Described only,izana oliveira,3,2766,NOVO,0.0010845986984815619
Right profiles,Described only,jair,1,2766,,3.6153289949385393e-4
Right profiles,Described only,jair bolsonaro,329,2766,PL,0.11894432393347795
Right profiles,Described only,jair bolsonaro/bolsonarismo,2,2766,,7.230657989877079e-4
Right profiles,Described only,jefferson campos,3,2766,PL,0.0010845986984815619
Right profiles,Described only,joelma franco,1,2766,NOVO,3.6153289949385393e-4
Right profiles,Described only,juliano da campestre,1,2766,REPUBLICANOS,3.6153289949385393e-4
Right profiles,Described only,katia sastre,2,2766,PL,7.230657989877079e-4
Right profiles,Described only,kim kataguiri,32,2766,MISSAO,0.011569052783803326
Right profiles,Described only,leonardo de siqueira lima,1,2766,NOVO,3.6153289949385393e-4
Right profiles,Described only,leonardo siqueira,1,2766,NOVO,3.6153289949385393e-4
Right profiles,Described only,leopoldo dare,3,2766,NOVO,0.0010845986984815619
Right profiles,Described only,lu andreolli,1,2766,NOVO,3.6153289949385393e-4
Right profiles,Described only,lucas gonzalez,1,2766,NOVO,3.6153289949385393e-4
Right profiles,Described only,lucas pavanato,26,2766,PL,0.009399855386840203
Right profiles,Described only,luiz camargo,1,2766,NOVO,3.6153289949385393e-4
Right profiles,Described only,luiz carlos motta,4,2766,PL,0.0014461315979754157
Right profiles,Described only,luiz fernando machado,1,2766,PL,3.6153289949385393e-4
Right profiles,Described only,luiz philippe de orleans e braganca,11,2766,PL,0.0039768618944323935
Right profiles,Described only,major mecca,3,2766,PL,0.0010845986984815619
Right profiles,Described only,major palumbo,6,2766,PP,0.0021691973969631237
Right profiles,Described only,major vitor santos,2,2766,PL,7.230657989877079e-4
Right profiles,Described only,marcao da ema,1,2766,NOVO,3.6153289949385393e-4
Right profiles,Described only,marcel machado muscat,1,2766,,3.6153289949385393e-4
Right profiles,Described only,marcel van hattem,2,2766,NOVO,7.230657989877079e-4
Right profiles,Described only,marcelo ramos,1,2766,UNIAO,3.6153289949385393e-4
Right profiles,Described only,marcio alvino,3,2766,PL,0.0010845986984815619
Right profiles,Described only,marco aurelio,2,2766,NOVO,7.230657989877079e-4
Right profiles,Described only,marco feliciano,11,2766,PL,0.0039768618944323935
Right profiles,Described only,marco vinholi,4,2766,REPUBLICANOS,0.0014461315979754157
Right profiles,Described only,marcos cintra,7,2766,NOVO,0.0025307302964569776
Right profiles,Described only,marcos pereira,1,2766,REPUBLICANOS,3.6153289949385393e-4
Right profiles,Described only,mari luz advogada,1,2766,,3.6153289949385393e-4
Right profiles,Described only,marina helena,23,2766,NOVO,0.008315256688358641
Right profiles,Described only,mario frias,6,2766,PL,0.0021691973969631237
Right profiles,Described only,miguel lombardi,2,2766,PL,7.230657989877079e-4
Right profiles,Described only,milton vieira,2,2766,REPUBLICANOS,7.230657989877079e-4
Right profiles,Described only,missionario jose olimpio,2,2766,PL,7.230657989877079e-4
Right profiles,Described only,monica cury,5,2766,NOVO,0.0018076644974692696
Right profiles,Described only,nancy thame,1,2766,PV,3.6153289949385393e-4
Right profiles,Described only,nelson padovani,1,2766,,3.6153289949385393e-4
Right profiles,Described only,nicolaci,1,2766,REPUBLICANOS,3.6153289949385393e-4
Right profiles,Described only,nikolas ferreira,2,2766,,7.230657989877079e-4
Right profiles,Described only,nise yamaguchi,1,2766,PL,3.6153289949385393e-4
Right profiles,Described only,nunes,1,2766,PL,3.6153289949385393e-4
Right profiles,Described only,nunes filho,1,2766,PL,3.6153289949385393e-4
Right profiles,Described only,otoni de paula,1,2766,MDB,3.6153289949385393e-4
Right profiles,Described only,padre kelmon,7,2766,PL,0.0025307302964569776
Right profiles,Described only,pastor marco feliciano,2,2766,PL,7.230657989877079e-4
Right profiles,Described only,paulo freire,1,2766,PL,3.6153289949385393e-4
Right profiles,Described only,paulo freire costa,1,2766,PL,3.6153289949385393e-4
Right profiles,Described only,paulo freire da costa,1,2766,PL,3.6153289949385393e-4
Right profiles,Described only,paulo proieti,1,2766,NOVO,3.6153289949385393e-4
Right profiles,Described only,pedro lupion,1,2766,PP,3.6153289949385393e-4
Right profiles,Described only,policial katia sastre,1,2766,PL,3.6153289949385393e-4
Right profiles,Described only,pr. marco feliciano,3,2766,PL,0.0010845986984815619
Right profiles,Described only,preto de direita,1,2766,PL,3.6153289949385393e-4
Right profiles,Described only,prof. fred dally,1,2766,,3.6153289949385393e-4
Right profiles,Described only,professor christian,13,2766,NOVO,0.004699927693420101
Right profiles,Described only,professor christian lohbauer,2,2766,NOVO,7.230657989877079e-4
Right profiles,Described only,professor tamayo,6,2766,NOVO,0.0021691973969631237
Right profiles,Described only,renan santos,1,2766,,3.6153289949385393e-4
Right profiles,Described only,renato antonio bolsonaro,1,2766,PL,3.6153289949385393e-4
Right profiles,Described only,renato bolsonaro,32,2766,PL,0.011569052783803326
Right profiles,Described only,renato cariani,1,2766,UNIAO,3.6153289949385393e-4
Right profiles,Described only,ricardo salles,71,2766,NOVO,0.02566883586406363
Right profiles,Described only,rita zambelli,1,2766,PL,3.6153289949385393e-4
Right profiles,Described only,rogerio de madureira,1,2766,PL,3.6153289949385393e-4
Right profiles,Described only,romeu zema,2,2766,NOVO,7.230657989877079e-4
Right profiles,Described only,rosana valle,13,2766,PL,0.004699927693420101
Right profiles,Described only,rosangela moro,1,2766,PL,3.6153289949385393e-4
Right profiles,Described only,rubinho nunes,2,2766,UNIAO,7.230657989877079e-4
Right profiles,Described only,samuel moreira,1,2766,PSDB,3.6153289949385393e-4
Right profiles,Described only,sikera junior,1,2766,,3.6153289949385393e-4
Right profiles,Described only,silas camara,1,2766,REPUBLICANOS,3.6153289949385393e-4
Right profiles,Described only,silvia de luca,4,2766,NOVO,0.0014461315979754157
Right profiles,Described only,silvio navarro,2,2766,UNIAO,7.230657989877079e-4
Right profiles,Described only,sostenes cavalcante,3,2766,PL,0.0010845986984815619
Right profiles,Described only,sueli vidigal,1,2766,REPUBLICANOS,3.6153289949385393e-4
Right profiles,Described only,tarcisio de freitas,32,2766,REPUBLICANOS,0.011569052783803326
Right profiles,Described only,tiago mitraud,2,2766,NOVO,7.230657989877079e-4
Right profiles,Described only,tome abduch,1,2766,,3.6153289949385393e-4
Right profiles,Described only,tomio otsuka,13,2766,NOVO,0.004699927693420101
Right profiles,Described only,um candidato especifico,1,2766,,3.6153289949385393e-4
Right profiles,Described only,vanderlei macris,1,2766,PSDB,3.6153289949385393e-4
Right profiles,Described only,vinicius carvalho,3,2766,PL,0.0010845986984815619
Right profiles,Described only,vinicius poit,1,2766,NOVO,3.6153289949385393e-4
Right profiles,Described only,vitor lippi,2,2766,PSD,7.230657989877079e-4
Right profiles,Described only,wesley leonardo cezar,1,2766,PL,3.6153289949385393e-4
Right profiles,Described only,x,1,2766,,3.6153289949385393e-4
Right profiles,Described only,zoe martinez,1,2766,PL,3.6153289949385393e-4
Right profiles,Recommended,adilson barroso,8,2766,PL,0.0028922631959508315
Right profiles,Recommended,adilson barroso bolsonarista,1,2766,PL,3.6153289949385393e-4
Right profiles,Recommended,adriana ventura,18,2766,NOVO,0.006507592190889371
Right profiles,Recommended,adrilles jorge,1,2766,UNIAO,3.6153289949385393e-4
Right profiles,Recommended,alessandra do valle,1,2766,PL,3.6153289949385393e-4
Right profiles,Recommended,alexis fonteyne,16,2766,NOVO,0.005784526391901663
Right profiles,Recommended,andre do prado,1,2766,PL,3.6153289949385393e-4
Right profiles,Recommended,andre fernandes,1,2766,,3.6153289949385393e-4
Right profiles,Recommended,anna do agro,1,2766,NOVO,3.6153289949385393e-4
Right profiles,Recommended,"anna do agro (anna paula nastri fernandes nunes, numero 3004, partido novo).",1,2766,NOVO,3.6153289949385393e-4
Right profiles,Recommended,barbara kogos,1,2766,NOVO,3.6153289949385393e-4
Right profiles,Recommended,beto rosado,2,2766,PL,7.230657989877079e-4
Right profiles,Recommended,bia kicis,1,2766,PL,3.6153289949385393e-4
Right profiles,Recommended,capitao augusto,7,2766,PL,0.0025307302964569776
Right profiles,Recommended,capitao derrite,1,2766,PL,3.6153289949385393e-4
Right profiles,Recommended,carla zambelli,7,2766,PL,0.0025307302964569776
Right profiles,Recommended,carlos sampaio,3,2766,PSD,0.0010845986984815619
Right profiles,Recommended,celso russomanno,2,2766,REPUBLICANOS,7.230657989877079e-4
Right profiles,Recommended,cezinha de madureira,7,2766,PL,0.0025307302964569776
Right profiles,Recommended,christian lohbauer,3,2766,NOVO,0.0010845986984815619
Right profiles,Recommended,coronel chrisostomo,1,2766,PL,3.6153289949385393e-4
Right profiles,Recommended,coronel tadeu,3,2766,PL,0.0010845986984815619
Right profiles,Recommended,coronel telhada,6,2766,PP,0.0021691973969631237
Right profiles,Recommended,dacio gomyde pretoni,1,2766,NOVO,3.6153289949385393e-4
Right profiles,Recommended,davi sacer,1,2766,PP,3.6153289949385393e-4
Right profiles,Recommended,delegado da cunha,8,2766,UNIAO,0.0028922631959508315
Right profiles,Recommended,delegado palumbo,2,2766,PODEMOS,7.230657989877079e-4
Right profiles,Recommended,delegado paulo bilynskyj,15,2766,PL,0.005422993492407809
Right profiles,Recommended,dr filipe,4,2766,PL,0.0014461315979754157
Right profiles,Recommended,dr. filipe,6,2766,PL,0.0021691973969631237
Right profiles,Recommended,duarte nogueira,4,2766,PSD,0.0014461315979754157
Right profiles,Recommended,eduardo bolsonaro,5,2766,PL,0.0018076644974692696
Right profiles,Recommended,eli correa filho,1,2766,PL,3.6153289949385393e-4
Right profiles,Recommended,eric izar,2,2766,MISSAO,7.230657989877079e-4
Right profiles,Recommended,fausto pinato,2,2766,PP,7.230657989877079e-4
Right profiles,Recommended,felipe lintz,3,2766,PL,0.0010845986984815619
Right profiles,Recommended,frederico d'avila,2,2766,NOVO,7.230657989877079e-4
Right profiles,Recommended,general peternelli,1,2766,UNIAO,3.6153289949385393e-4
Right profiles,Recommended,gil diniz,3,2766,PL,0.0010845986984815619
Right profiles,Recommended,gilberto nascimento,2,2766,PODEMOS,7.230657989877079e-4
Right profiles,Recommended,guiga peixoto,2,2766,PL,7.230657989877079e-4
Right profiles,Recommended,guilherme derrite,10,2766,PP,0.0036153289949385392
Right profiles,Recommended,guilherme piai,2,2766,REPUBLICANOS,7.230657989877079e-4
Right profiles,Recommended,gustavo gayer,1,2766,PL,3.6153289949385393e-4
Right profiles,Recommended,jair bolsonaro,1,2766,PL,3.6153289949385393e-4
Right profiles,Recommended,jefferson campos,2,2766,PL,7.230657989877079e-4
Right profiles,Recommended,jose olimpio,1,2766,PL,3.6153289949385393e-4
Right profiles,Recommended,kim kataguiri,11,2766,MISSAO,0.0039768618944323935
Right profiles,Recommended,lucas pavanato,5,2766,PL,0.0018076644974692696
Right profiles,Recommended,luiz carlos motta,2,2766,PL,7.230657989877079e-4
Right profiles,Recommended,luiz fernando machado,3,2766,PL,0.0010845986984815619
Right profiles,Recommended,luiz philippe de o e braganca,1,2766,PL,3.6153289949385393e-4
Right profiles,Recommended,luiz philippe de orleans e braganca,10,2766,PL,0.0036153289949385392
Right profiles,Recommended,major mecca,4,2766,PL,0.0014461315979754157
Right profiles,Recommended,major palumbo,18,2766,PP,0.006507592190889371
Right profiles,Recommended,major vitor santos,6,2766,PL,0.0021691973969631237
Right profiles,Recommended,marcelo moraes,1,2766,PL,3.6153289949385393e-4
Right profiles,Recommended,marcio alvino,3,2766,PL,0.0010845986984815619
Right profiles,Recommended,marco aurelio,2,2766,NOVO,7.230657989877079e-4
Right profiles,Recommended,marco feliciano,5,2766,PL,0.0018076644974692696
Right profiles,Recommended,marcos pereira,2,2766,REPUBLICANOS,7.230657989877079e-4
Right profiles,Recommended,maria rosas,1,2766,REPUBLICANOS,3.6153289949385393e-4
Right profiles,Recommended,marina helena,24,2766,NOVO,0.008676789587852495
Right profiles,Recommended,mario frias,6,2766,PL,0.0021691973969631237
Right profiles,Recommended,martinho colpani,14,2766,PL,0.005061460592913955
Right profiles,Recommended,miguel lombardi,1,2766,PL,3.6153289949385393e-4
Right profiles,Recommended,milton vieira,9,2766,REPUBLICANOS,0.0032537960954446853
Right profiles,Recommended,nando pinheiro,1,2766,PL,3.6153289949385393e-4
Right profiles,Recommended,nunes patrocinio,1,2766,PL,3.6153289949385393e-4
Right profiles,Recommended,otoni de paula,2,2766,MDB,7.230657989877079e-4
Right profiles,Recommended,padre kelmon,12,2766,PL,0.004338394793926247
Right profiles,Recommended,pastor marco feliciano,14,2766,PL,0.005061460592913955
Right profiles,Recommended,paulo alexandre barbosa,1,2766,PSD,3.6153289949385393e-4
Right profiles,Recommended,paulo freire,16,2766,PL,0.005784526391901663
Right profiles,Recommended,paulo freire da costa,2,2766,PL,7.230657989877079e-4
Right profiles,Recommended,paulo proieti,1,2766,NOVO,3.6153289949385393e-4
Right profiles,Recommended,paulo serra,1,2766,PSDB,3.6153289949385393e-4
Right profiles,Recommended,professor christian,2,2766,NOVO,7.230657989877079e-4
Right profiles,Recommended,renato bolsonaro,24,2766,PL,0.008676789587852495
Right profiles,Recommended,ricardo holz,1,2766,REPUBLICANOS,3.6153289949385393e-4
Right profiles,Recommended,ricardo salles,15,2766,NOVO,0.005422993492407809
Right profiles,Recommended,rita zambelli,1,2766,PL,3.6153289949385393e-4
Right profiles,Recommended,rodrigo serpa,1,2766,MISSAO,3.6153289949385393e-4
Right profiles,Recommended,rogerio de madureira,1,2766,PL,3.6153289949385393e-4
Right profiles,Recommended,rosana valle,3,2766,PL,0.0010845986984815619
Right profiles,Recommended,rosangela moro,1,2766,PL,3.6153289949385393e-4
Right profiles,Recommended,serra neto,8,2766,NOVO,0.0028922631959508315
Right profiles,Recommended,sostenes cavalcante,3,2766,PL,0.0010845986984815619
Right profiles,Recommended,tomio otsuka,1,2766,NOVO,3.6153289949385393e-4
Right profiles,Recommended,ulisses do rodeio,1,2766,,3.6153289949385393e-4
Right profiles,Recommended,vanderlei macris,1,2766,PSDB,3.6153289949385393e-4
Right profiles,Recommended,vinicius carvalho,3,2766,PL,0.0010845986984815619
Right profiles,Recommended,zoe martinez,1,2766,PL,3.6153289949385393e-4
