archetype,name,n,answers,share
agro,jair bolsonaro,164,596,0.2751677852348993
agro,bolsonaro,107,596,0.17953020134228187
agro,ricardo salles,27,596,0.04530201342281879
agro,renato bolsonaro,16,596,0.026845637583892617
agro,anna do agro,13,596,0.02181208053691275
agro,christian lohbauer,13,596,0.02181208053691275
agro,capitao augusto,12,596,0.020134228187919462
agro,governo bolsonaro,8,596,0.013422818791946308
agro,paulo bilynskyj,8,596,0.013422818791946308
agro,tarcisio,8,596,0.013422818791946308
agro,adilson barroso,7,596,0.01174496644295302
agro,delegado paulo bilynskyj,7,596,0.01174496644295302
agro,adilson barroso bolsonarista,6,596,0.010067114093959731
agro,eduardo bolsonaro,4,596,0.006711409395973154
agro,marco vinholi,4,596,0.006711409395973154
agro,cezinha de madureira,3,596,0.0050335570469798654
agro,eduardo borgo,3,596,0.0050335570469798654
agro,luiz philippe de orleans e braganca,3,596,0.0050335570469798654
agro,katia sastre,2,596,0.003355704697986577
agro,luiz carlos motta,2,596,0.003355704697986577
agro,abou anni,1,596,0.0016778523489932886
agro,adrilles jorge,1,596,0.0016778523489932886
agro,coronel tadeu,1,596,0.0016778523489932886
agro,coronel telhada,1,596,0.0016778523489932886
agro,dra. nise yamaguchi,1,596,0.0016778523489932886
agro,eduardo cury,1,596,0.0016778523489932886
agro,flavio bolsonaro,1,596,0.0016778523489932886
agro,frederico d'avila,1,596,0.0016778523489932886
agro,gil diniz,1,596,0.0016778523489932886
agro,guilherme derrite,1,596,0.0016778523489932886
agro,jair bolsonaro/bolsonarismo,1,596,0.0016778523489932886
agro,lucas pavanato,1,596,0.0016778523489932886
agro,marcao da ema,1,596,0.0016778523489932886
agro,miguel lombardi,1,596,0.0016778523489932886
agro,professor christian,1,596,0.0016778523489932886
agro,renato antonio bolsonaro,1,596,0.0016778523489932886
agro,rita zambelli,1,596,0.0016778523489932886
agro,rosana valle,1,596,0.0016778523489932886
agro,rubinho nunes,1,596,0.0016778523489932886
agro,silvio navarro,1,596,0.0016778523489932886
agro,tarcisio de freitas,1,596,0.0016778523489932886
agro,vinicius carvalho,1,596,0.0016778523489932886
agro,wesley leonardo cezar,1,596,0.0016778523489932886
classes_d_e,ricardo paes de barros,8,798,0.010025062656641603
classes_d_e,candidato x,3,798,0.0037593984962406013
classes_d_e,marina helena,3,798,0.0037593984962406013
classes_d_e,renan santos,3,798,0.0037593984962406013
classes_d_e,tabata amaral,3,798,0.0037593984962406013
classes_d_e,antonio carlos rodrigues,2,798,0.002506265664160401
classes_d_e,augusto cury,1,798,0.0012531328320802004
classes_d_e,erika hilton,1,798,0.0012531328320802004
classes_d_e,kim kataguiri,1,798,0.0012531328320802004
classes_d_e,romeu zema,1,798,0.0012531328320802004
conservador_cristao,delegado paulo bilynskyj,26,598,0.043478260869565216
conservador_cristao,guilherme derrite,26,598,0.043478260869565216
conservador_cristao,capitao augusto,15,598,0.02508361204013378
conservador_cristao,paulo bilynskyj,15,598,0.02508361204013378
conservador_cristao,delegado palumbo,14,598,0.023411371237458192
conservador_cristao,rosana valle,10,598,0.016722408026755852
conservador_cristao,lucas pavanato,8,598,0.013377926421404682
conservador_cristao,delegado bruno lima,6,598,0.010033444816053512
conservador_cristao,marco feliciano,6,598,0.010033444816053512
conservador_cristao,cezinha de madureira,5,598,0.008361204013377926
conservador_cristao,coronel tadeu,4,598,0.006688963210702341
conservador_cristao,eduardo bolsonaro,4,598,0.006688963210702341
conservador_cristao,carla zambelli,3,598,0.005016722408026756
conservador_cristao,coronel telhada,3,598,0.005016722408026756
conservador_cristao,guto zacarias,3,598,0.005016722408026756
conservador_cristao,kim kataguiri,3,598,0.005016722408026756
conservador_cristao,major palumbo,3,598,0.005016722408026756
conservador_cristao,mario frias,3,598,0.005016722408026756
conservador_cristao,ricardo salles,3,598,0.005016722408026756
conservador_cristao,jefferson campos,2,598,0.0033444816053511705
conservador_cristao,luiz philippe de orleans e braganca,2,598,0.0033444816053511705
conservador_cristao,major vitor santos,2,598,0.0033444816053511705
conservador_cristao,pr. marco feliciano,2,598,0.0033444816053511705
conservador_cristao,renato bolsonaro,2,598,0.0033444816053511705
conservador_cristao,adilson barroso bolsonarista,1,598,0.0016722408026755853
conservador_cristao,andre do prado,1,598,0.0016722408026755853
conservador_cristao,candidato x,1,598,0.0016722408026755853
conservador_cristao,candidatos a deputado federal por sao paulo,1,598,0.0016722408026755853
conservador_cristao,caroline de toni,1,598,0.0016722408026755853
conservador_cristao,davi sacer,1,598,0.0016722408026755853
conservador_cristao,delegado da cunha,1,598,0.0016722408026755853
conservador_cristao,eduardo borgo,1,598,0.0016722408026755853
conservador_cristao,gil diniz,1,598,0.0016722408026755853
conservador_cristao,major mecca,1,598,0.0016722408026755853
conservador_cristao,marcio alvino,1,598,0.0016722408026755853
conservador_cristao,miguel lombardi,1,598,0.0016722408026755853
conservador_cristao,milton vieira,1,598,0.0016722408026755853
conservador_cristao,nikolas ferreira,1,598,0.0016722408026755853
conservador_cristao,paulo freire,1,598,0.0016722408026755853
conservador_cristao,paulo freire costa,1,598,0.0016722408026755853
conservador_cristao,paulo freire da costa,1,598,0.0016722408026755853
conservador_cristao,rogerio de madureira,1,598,0.0016722408026755853
conservador_cristao,vinicius carvalho,1,598,0.0016722408026755853
empreendedor_individual,marina helena,81,792,0.10227272727272728
empreendedor_individual,adriana ventura,44,792,0.05555555555555555
empreendedor_individual,kim kataguiri,30,792,0.03787878787878788
empreendedor_individual,alexis fonteyne,24,792,0.030303030303030304
empreendedor_individual,christian lohbauer,7,792,0.008838383838383838
empreendedor_individual,marco aurelio,6,792,0.007575757575757576
empreendedor_individual,barbara kogos,5,792,0.006313131313131313
empreendedor_individual,luiz philippe de orleans e braganca,5,792,0.006313131313131313
empreendedor_individual,ricardo salles,4,792,0.005050505050505051
empreendedor_individual,guto zacarias,3,792,0.003787878787878788
empreendedor_individual,marcos cintra,3,792,0.003787878787878788
empreendedor_individual,candidato x,2,792,0.0025252525252525255
empreendedor_individual,daniel melo,2,792,0.0025252525252525255
empreendedor_individual,izana oliveira,2,792,0.0025252525252525255
empreendedor_individual,amanda oliveira,1,792,0.0012626262626262627
empreendedor_individual,anna do agro,1,792,0.0012626262626262627
empreendedor_individual,cris monteiro,1,792,0.0012626262626262627
empreendedor_individual,eduardo borgo,1,792,0.0012626262626262627
empreendedor_individual,fabio pagnozzi,1,792,0.0012626262626262627
empreendedor_individual,joelma franco,1,792,0.0012626262626262627
empreendedor_individual,marco aurelio martins,1,792,0.0012626262626262627
empreendedor_individual,"marina helena, pre-candidata a deputada federal por sao paulo pelo novo, tem defendido reducao de impostos, desburocratizacao, empreendedorismo, responsabilidade fiscal e ampliacao de parcerias publico-privadas.",1,792,0.0012626262626262627
empreendedor_individual,matheus coelho,1,792,0.0012626262626262627
empreendedor_individual,paulo freire costa,1,792,0.0012626262626262627
empreendedor_individual,ricardo mellao,1,792,0.0012626262626262627
empreendedor_individual,romeu zema,1,792,0.0012626262626262627
empreendedor_individual,tatiana lima,1,792,0.0012626262626262627
empreendedor_individual,tenente pedro miranda,1,792,0.0012626262626262627
empresario,adriana ventura,61,593,0.10286677908937605
empresario,alexis fonteyne,42,593,0.07082630691399663
empresario,kim kataguiri,28,593,0.047217537942664416
empresario,marina helena,27,593,0.045531197301854974
empresario,ricardo salles,26,593,0.04384485666104553
empresario,tomio otsuka,14,593,0.023608768971332208
empresario,professor christian,13,593,0.021922428330522766
empresario,christian lohbauer,12,593,0.02023608768971332
empresario,marcos cintra,7,593,0.011804384485666104
empresario,daniel melo,6,593,0.01011804384485666
empresario,luiz philippe de orleans e braganca,6,593,0.01011804384485666
empresario,marco aurelio,4,593,0.006745362563237774
empresario,albino,3,593,0.00505902192242833
empresario,izana oliveira,3,593,0.00505902192242833
empresario,leopoldo dare,3,593,0.00505902192242833
empresario,tarcisio de freitas,3,593,0.00505902192242833
empresario,guto zacarias,2,593,0.003372681281618887
empresario,professor christian lohbauer,2,593,0.003372681281618887
empresario,romeu zema,2,593,0.003372681281618887
empresario,alex manente,1,593,0.0016863406408094434
empresario,amanda oliveira,1,593,0.0016863406408094434
empresario,andre do prado,1,593,0.0016863406408094434
empresario,barbara kogos,1,593,0.0016863406408094434
empresario,carlos sampaio,1,593,0.0016863406408094434
empresario,cezinha de madureira,1,593,0.0016863406408094434
empresario,cris monteiro,1,593,0.0016863406408094434
empresario,fernando haddad,1,593,0.0016863406408094434
empresario,joelma franco,1,593,0.0016863406408094434
empresario,leonardo de siqueira lima,1,593,0.0016863406408094434
empresario,leonardo siqueira,1,593,0.0016863406408094434
empresario,lu andreolli,1,593,0.0016863406408094434
empresario,luiz camargo,1,593,0.0016863406408094434
empresario,renan santos,1,593,0.0016863406408094434
extrema_direita,jair bolsonaro,140,597,0.23450586264656617
extrema_direita,bolsonaro,65,597,0.10887772194304858
extrema_direita,paulo bilynskyj,17,597,0.02847571189279732
extrema_direita,lucas pavanato,10,597,0.01675041876046901
extrema_direita,tarcisio,9,597,0.01507537688442211
extrema_direita,delegado paulo bilynskyj,6,597,0.010050251256281407
extrema_direita,flavio bolsonaro,6,597,0.010050251256281407
extrema_direita,renato bolsonaro,6,597,0.010050251256281407
extrema_direita,adilson barroso bolsonarista,5,597,0.008375209380234505
extrema_direita,adrilles jorge,5,597,0.008375209380234505
extrema_direita,capitao augusto,4,597,0.006700167504187605
extrema_direita,cezinha de madureira,4,597,0.006700167504187605
extrema_direita,eduardo bolsonaro,4,597,0.006700167504187605
extrema_direita,mario frias,4,597,0.006700167504187605
extrema_direita,tarcisio de freitas,4,597,0.006700167504187605
extrema_direita,carla zambelli,3,597,0.005025125628140704
extrema_direita,coronel costa e silva,3,597,0.005025125628140704
extrema_direita,marco feliciano,3,597,0.005025125628140704
extrema_direita,adriana ventura,2,597,0.0033500837520938024
extrema_direita,bolsonaro/bolsonarismo,2,597,0.0033500837520938024
extrema_direita,coronel telhada,2,597,0.0033500837520938024
extrema_direita,governo bolsonaro,2,597,0.0033500837520938024
extrema_direita,kim kataguiri,2,597,0.0033500837520938024
extrema_direita,padre kelmon,2,597,0.0033500837520938024
extrema_direita,ricardo salles,2,597,0.0033500837520938024
extrema_direita,ale duarte,1,597,0.0016750418760469012
extrema_direita,alessandra do valle,1,597,0.0016750418760469012
extrema_direita,barbara kogos,1,597,0.0016750418760469012
extrema_direita,coronel tadeu,1,597,0.0016750418760469012
extrema_direita,douglas garcia,1,597,0.0016750418760469012
extrema_direita,gil diniz,1,597,0.0016750418760469012
extrema_direita,guilherme derrite,1,597,0.0016750418760469012
extrema_direita,guto zacarias,1,597,0.0016750418760469012
extrema_direita,jair,1,597,0.0016750418760469012
extrema_direita,jair bolsonaro/bolsonarismo,1,597,0.0016750418760469012
extrema_direita,luiz philippe de orleans e braganca,1,597,0.0016750418760469012
extrema_direita,marina helena,1,597,0.0016750418760469012
extrema_direita,nikolas ferreira,1,597,0.0016750418760469012
extrema_direita,policial katia sastre,1,597,0.0016750418760469012
extrema_direita,pr. marco feliciano,1,597,0.0016750418760469012
extrema_direita,preto de direita,1,597,0.0016750418760469012
extrema_direita,renato cariani,1,597,0.0016750418760469012
extrema_direita,rita zambelli,1,597,0.0016750418760469012
extrema_direita,rubinho nunes,1,597,0.0016750418760469012
extrema_direita,silvio navarro,1,597,0.0016750418760469012
extrema_direita,x,1,597,0.0016750418760469012
liberal_social,lula,80,790,0.10126582278481013
liberal_social,bolsonaro,73,790,0.09240506329113925
liberal_social,simone tebet,38,790,0.04810126582278481
liberal_social,kim kataguiri,32,790,0.04050632911392405
liberal_social,adriana ventura,30,790,0.0379746835443038
liberal_social,alex manente,17,790,0.021518987341772152
liberal_social,paulo alexandre barbosa,17,790,0.021518987341772152
liberal_social,tabata amaral,17,790,0.021518987341772152
liberal_social,alexis fonteyne,12,790,0.015189873417721518
liberal_social,enrico misasi,10,790,0.012658227848101266
liberal_social,tarcisio,10,790,0.012658227848101266
liberal_social,datena,9,790,0.01139240506329114
liberal_social,carlos sampaio,8,790,0.010126582278481013
liberal_social,caio cunha,7,790,0.008860759493670886
liberal_social,professor marco antonio villa,4,790,0.005063291139240506
liberal_social,carlos bezerra jr.,3,790,0.0037974683544303796
liberal_social,christian lohbauer,3,790,0.0037974683544303796
liberal_social,lula-bolsonaro,3,790,0.0037974683544303796
liberal_social,marina helena,3,790,0.0037974683544303796
liberal_social,ana carolina oliveira,2,790,0.002531645569620253
liberal_social,arnaldo jardim,2,790,0.002531645569620253
liberal_social,bruno ganem,2,790,0.002531645569620253
liberal_social,cris monteiro,2,790,0.002531645569620253
liberal_social,aline teixeira,1,790,0.0012658227848101266
liberal_social,baleia rossi,1,790,0.0012658227848101266
liberal_social,barjas negri,1,790,0.0012658227848101266
liberal_social,bolsonaro/tarcisio,1,790,0.0012658227848101266
liberal_social,daniel melo,1,790,0.0012658227848101266
liberal_social,delegado bruno lima,1,790,0.0012658227848101266
liberal_social,douglas melo,1,790,0.0012658227848101266
liberal_social,felipe becari,1,790,0.0012658227848101266
liberal_social,flavio bolsonaro,1,790,0.0012658227848101266
liberal_social,guto zacarias,1,790,0.0012658227848101266
liberal_social,marcos cintra,1,790,0.0012658227848101266
liberal_social,marcos pereira,1,790,0.0012658227848101266
liberal_social,paulo serra,1,790,0.0012658227848101266
liberal_social,renan santos,1,790,0.0012658227848101266
liberal_social,renata abreu,1,790,0.0012658227848101266
liberal_social,ricardo salles,1,790,0.0012658227848101266
liberal_social,romeu zema,1,790,0.0012658227848101266
liberal_social,ronaldo caiado,1,790,0.0012658227848101266
liberal_social,rubinho nunes,1,790,0.0012658227848101266
liberal_social,tarcisio de freitas,1,790,0.0012658227848101266
liberal_social,vitor lippi,1,790,0.0012658227848101266
liberal_social,walter ihoshi,1,790,0.0012658227848101266
militante_esquerda,alencar santana,192,796,0.24120603015075376
militante_esquerda,carlos zarattini,161,796,0.2022613065326633
militante_esquerda,juliana cardoso,148,796,0.18592964824120603
militante_esquerda,arlindo chinaglia,143,796,0.17964824120603015
militante_esquerda,alfredinho,103,796,0.12939698492462312
militante_esquerda,alexandre padilha,90,796,0.11306532663316583
militante_esquerda,ana perugini,83,796,0.10427135678391959
militante_esquerda,telma de souza,74,796,0.09296482412060302
militante_esquerda,paolla miguel,73,796,0.09170854271356783
militante_esquerda,douglas belchior,63,796,0.07914572864321608
militante_esquerda,rui falcao,58,796,0.0728643216080402
militante_esquerda,jilmar tatto,56,796,0.07035175879396985
militante_esquerda,mariana janeiro,53,796,0.06658291457286432
militante_esquerda,ana do carmo,41,796,0.05150753768844221
militante_esquerda,paulo teixeira,38,796,0.04773869346733668
militante_esquerda,nilto tatto,28,796,0.035175879396984924
militante_esquerda,alex minduin,26,796,0.032663316582914576
militante_esquerda,vicentinho,20,796,0.02512562814070352
militante_esquerda,lula,19,796,0.02386934673366834
militante_esquerda,ze dirceu,15,796,0.018844221105527637
militante_esquerda,kiko celeguim,13,796,0.016331658291457288
militante_esquerda,luna zarattini,13,796,0.016331658291457288
militante_esquerda,anibal munhoz,11,796,0.013819095477386936
militante_esquerda,joao paulo cunha,11,796,0.013819095477386936
militante_esquerda,ruth lopes,10,796,0.01256281407035176
militante_esquerda,nabil bonduki,9,796,0.011306532663316583
militante_esquerda,rose forato,9,796,0.011306532663316583
militante_esquerda,moises selerges,8,796,0.010050251256281407
militante_esquerda,aureo bacelar,7,796,0.008793969849246231
militante_esquerda,erika hilton,7,796,0.008793969849246231
militante_esquerda,jean wyllys,7,796,0.008793969849246231
militante_esquerda,luiz paulo teixeira,6,796,0.007537688442211055
militante_esquerda,pedro tourinho,6,796,0.007537688442211055
militante_esquerda,cicera maria,5,796,0.00628140703517588
militante_esquerda,edinho silva,5,796,0.00628140703517588
militante_esquerda,edson da paz,5,796,0.00628140703517588
militante_esquerda,guida calixto,5,796,0.00628140703517588
militante_esquerda,marcia lia,5,796,0.00628140703517588
militante_esquerda,cheila olalla,4,796,0.005025125628140704
militante_esquerda,edna della nina,4,796,0.005025125628140704
militante_esquerda,luiz marinho,4,796,0.005025125628140704
militante_esquerda,paula leite,4,796,0.005025125628140704
militante_esquerda,rosaura almeida,4,796,0.005025125628140704
militante_esquerda,tamires sampaio,4,796,0.005025125628140704
militante_esquerda,thiago dos reis,4,796,0.005025125628140704
militante_esquerda,william,4,796,0.005025125628140704
militante_esquerda,adriana martins de souza,3,796,0.0037688442211055275
militante_esquerda,alencar santana braga,3,796,0.0037688442211055275
militante_esquerda,alex sandro gomes,3,796,0.0037688442211055275
militante_esquerda,elaine terron,3,796,0.0037688442211055275
militante_esquerda,maria do rosario,3,796,0.0037688442211055275
militante_esquerda,claudete alves,2,796,0.002512562814070352
militante_esquerda,diego turato,2,796,0.002512562814070352
militante_esquerda,douglas martins izzo,2,796,0.002512562814070352
militante_esquerda,emerson de abreu santana,2,796,0.002512562814070352
militante_esquerda,fernando haddad,2,796,0.002512562814070352
militante_esquerda,iara bernardi,2,796,0.002512562814070352
militante_esquerda,jose dirceu,2,796,0.002512562814070352
militante_esquerda,luiz paulo teixeira ferreira,2,796,0.002512562814070352
militante_esquerda,moises selerges junior,2,796,0.002512562814070352
militante_esquerda,paulao cayres,2,796,0.002512562814070352
militante_esquerda,alfredo alves cavalcante,1,796,0.001256281407035176
militante_esquerda,anielle franco,1,796,0.001256281407035176
militante_esquerda,candidato x,1,796,0.001256281407035176
militante_esquerda,chico do settaport,1,796,0.001256281407035176
militante_esquerda,diego oliveira da silva,1,796,0.001256281407035176
militante_esquerda,diego oliveira turato,1,796,0.001256281407035176
militante_esquerda,dilma,1,796,0.001256281407035176
militante_esquerda,douglas izzo,1,796,0.001256281407035176
militante_esquerda,eduardo sallum,1,796,0.001256281407035176
militante_esquerda,julia martin,1,796,0.001256281407035176
militante_esquerda,kerllyn oliveira,1,796,0.001256281407035176
militante_esquerda,luiz fernando teixeira,1,796,0.001256281407035176
militante_esquerda,marinalva brito,1,796,0.001256281407035176
militante_esquerda,natalia boulos,1,796,0.001256281407035176
militante_esquerda,outros,1,796,0.001256281407035176
militante_esquerda,paulo batista dos reis,1,796,0.001256281407035176
militante_esquerda,professor douglas izzo,1,796,0.001256281407035176
militante_esquerda,professora mariana,1,796,0.001256281407035176
militante_esquerda,raquel auxiliadora dos santos,1,796,0.001256281407035176
militante_esquerda,rosangela santos,1,796,0.001256281407035176
militante_esquerda,rose gouveia,1,796,0.001256281407035176
militante_esquerda,symmy larrat,1,796,0.001256281407035176
militante_esquerda,teonilio barba,1,796,0.001256281407035176
militante_esquerda,thiago dos reis pereira dos santos,1,796,0.001256281407035176
militante_esquerda,william vieira,1,796,0.001256281407035176
progressista,erika hilton,30,798,0.03759398496240601
progressista,samia bomfim,9,798,0.011278195488721804
progressista,tabata amaral,3,798,0.0037593984962406013
progressista,thiago avila,3,798,0.0037593984962406013
progressista,gabriel dos animais,2,798,0.002506265664160401
progressista,gregory franca,2,798,0.002506265664160401
progressista,orlando silva,2,798,0.002506265664160401
progressista,candidato x,1,798,0.0012531328320802004
progressista,carlos zarattini,1,798,0.0012531328320802004
progressista,daniel munduruku,1,798,0.0012531328320802004
progressista,guilherme boulos,1,798,0.0012531328320802004
progressista,jean wyllys,1,798,0.0012531328320802004
progressista,juliana cardoso,1,798,0.0012531328320802004
progressista,nilto tatto,1,798,0.0012531328320802004
progressista,os candidatos a deputado federal por sao paulo em 2026,1,798,0.0012531328320802004
progressista,paulao do meio ambiente,1,798,0.0012531328320802004
progressista,paulo teixeira,1,798,0.0012531328320802004
progressista,pedro tourinho,1,798,0.0012531328320802004
