anchor,lula,z,party,refusal
agro,25,0.3829073203842941,0.49155844155844153,0.2727272727272727
classes_d_e,75,-0.7162908848096348,0.56,0.25026315789473685
conservador_cristao,31,0.27069564848731514,0.4923529411764706,0.185
empreendedor_individual,50,0.2162741127427402,0.49,0.1
empresario,25,0.39677698412698414,0.46033057851239667,0.221900826446281
extrema_direita,0,0.4034413745296098,0.6357142857142857,0.16999999999999998
liberal_social,65,-0.5472034583063995,0.7677777777777778,0.11611111111111111
militante_esquerda,97,-0.69283,0.86,0.045000000000000005
progressista,64,-0.7179188257575757,0.625,0.195
